{
    "name": "root",
    "gauges": {
        "RollerBall.Policy.Entropy.mean": {
            "value": 1.3316733837127686,
            "min": 1.3316733837127686,
            "max": 1.4089447259902954,
            "count": 6
        },
        "RollerBall.Environment.EpisodeLength.mean": {
            "value": 6.515060240963855,
            "min": 6.324324324324325,
            "max": 16.405217391304348,
            "count": 6
        },
        "RollerBall.Policy.ExtrinsicValueEstimate.mean": {
            "value": 0.962108314037323,
            "min": 0.36459580063819885,
            "max": 0.966201663017273,
            "count": 6
        },
        "RollerBall.Environment.CumulativeReward.mean": {
            "value": 0.9954887218045113,
            "min": 0.4564459930313589,
            "max": 0.9954887218045113,
            "count": 6
        },
        "RollerBall.Policy.ExtrinsicReward.mean": {
            "value": 0.9954887218045113,
            "min": 0.4564459930313589,
            "max": 0.9954887218045113,
            "count": 6
        },
        "RollerBall.Losses.ValueLoss.mean": {
            "value": 0.004019713029265404,
            "min": 0.004019713029265404,
            "max": 0.15818895399570465,
            "count": 6
        },
        "RollerBall.Losses.PolicyLoss.mean": {
            "value": 0.24601952731609344,
            "min": 0.23967941105365753,
            "max": 0.2492726594209671,
            "count": 6
        },
        "RollerBall.Policy.LearningRate.mean": {
            "value": 0.00026698311557993293,
            "min": 0.00026698311557993293,
            "max": 0.00029696215642616153,
            "count": 6
        },
        "RollerBall.Policy.Epsilon.mean": {
            "value": 0.1889943927526474,
            "min": 0.1889943927526474,
            "max": 0.19898736476898193,
            "count": 6
        },
        "RollerBall.Policy.Beta.mean": {
            "value": 0.0004460723139345646,
            "min": 0.0004460723139345646,
            "max": 0.000495038169901818,
            "count": 6
        },
        "RollerBall.IsTraining.mean": {
            "value": 1.0,
            "min": 1.0,
            "max": 1.0,
            "count": 6
        }
    },
    "metadata": {
        "timer_format_version": "0.1.0",
        "start_time_seconds": "1598645881",
        "python_version": "3.7.4 (tags/v3.7.4:e09359112e, Jul  8 2019, 20:34:20) [MSC v.1916 64 bit (AMD64)]",
        "command_line_arguments": "C:\\Users\\KySquared\\Documents\\python-envs\\Unity-ML\\Scripts\\mlagents-learn config/rollerball_config.yaml --run-id=RollerBall4",
        "mlagents_version": "0.19.0",
        "mlagents_envs_version": "0.19.0",
        "communication_protocol_version": "1.0.0",
        "tensorflow_version": "2.3.0",
        "numpy_version": "1.18.5",
        "end_time_seconds": "1598645980"
    },
    "total": 99.1113627,
    "count": 1,
    "self": 0.007169799999999782,
    "children": {
        "run_training.setup": {
            "total": 0.008440400000000015,
            "count": 1,
            "self": 0.008440400000000015
        },
        "TrainerController.start_learning": {
            "total": 99.0957525,
            "count": 1,
            "self": 0.45370199999976535,
            "children": {
                "TrainerController._reset_env": {
                    "total": 7.7060301,
                    "count": 1,
                    "self": 7.7060301
                },
                "TrainerController.advance": {
                    "total": 90.55744860000023,
                    "count": 14390,
                    "self": 0.2253525000004828,
                    "children": {
                        "env_step": {
                            "total": 90.33209609999975,
                            "count": 14390,
                            "self": 83.23718729999935,
                            "children": {
                                "SubprocessEnvManager._take_step": {
                                    "total": 6.8709674000000955,
                                    "count": 14390,
                                    "self": 0.30830189999972113,
                                    "children": {
                                        "TFPolicy.evaluate": {
                                            "total": 6.562665500000374,
                                            "count": 7729,
                                            "self": 6.562665500000374
                                        }
                                    }
                                },
                                "workers": {
                                    "total": 0.22394140000030482,
                                    "count": 14389,
                                    "self": 0.0,
                                    "children": {
                                        "worker_root": {
                                            "total": 91.4771915999999,
                                            "count": 14389,
                                            "is_parallel": true,
                                            "self": 30.081595200000926,
                                            "children": {
                                                "steps_from_proto": {
                                                    "total": 0.00029539999999972366,
                                                    "count": 1,
                                                    "is_parallel": true,
                                                    "self": 9.000000000014552e-05,
                                                    "children": {
                                                        "_process_vector_observation": {
                                                            "total": 0.00020539999999957814,
                                                            "count": 2,
                                                            "is_parallel": true,
                                                            "self": 0.00020539999999957814
                                                        }
                                                    }
                                                },
                                                "UnityEnvironment.step": {
                                                    "total": 61.39530099999897,
                                                    "count": 14389,
                                                    "is_parallel": true,
                                                    "self": 1.656110499998377,
                                                    "children": {
                                                        "UnityEnvironment._generate_step_input": {
                                                            "total": 1.3513196999999204,
                                                            "count": 14389,
                                                            "is_parallel": true,
                                                            "self": 1.3513196999999204
                                                        },
                                                        "communicator.exchange": {
                                                            "total": 54.84234789999989,
                                                            "count": 14389,
                                                            "is_parallel": true,
                                                            "self": 54.84234789999989
                                                        },
                                                        "steps_from_proto": {
                                                            "total": 3.545522900000784,
                                                            "count": 14389,